H1,H2,H3,H4,N,Time,Type
0.481,0.168,0.061,0.023,8,1.793,billiard
20.757,7.577,2.557,0.912,11,11.87,wooden
1.688,0.596,0.23,0.08,9,2.365,billiard
21.227,16.105,11.55,8.635,34,17.403,golf
17.66,6.618,2.316,0.776,11,7.865,wooden
36.49,27.404,18.898,15.218,36,50.461,golf
11.115,3.823,1.402,0.505,10,5.681,wooden
26.357,13.433,6.194,2.946,15,24.007,glass
28.725,13.427,6.136,2.98,15,15.949,glass
23.061,17.494,13.265,9.138,34,16.244,golf
0.434,0.147,0.056,0.019,7,1.152,wooden
19.179,7.099,2.329,0.876,11,7.447,wooden
2.569,1.105,0.448,0.2,11,2.545,steel
37.505,28.743,20.274,14.764,36,24.279,golf
2.516,1.197,0.565,0.267,12,3.118,glass
3.286,2.487,1.796,1.334,28,9.824,golf
6.153,2.638,1.071,0.484,12,6.62,steel
24.987,11.707,5.605,2.418,15,6.333,glass
10.81,3.902,1.391,0.482,11,6.009,wooden
2.964,1.372,0.635,0.306,12,6.332,glass
5.111,1.727,0.621,0.234,10,4.736,billiard
1.925,0.65,0.245,0.088,9,2.158,wooden
6.873,3.367,1.742,0.892,14,4.843,tennis
24.052,11.955,5.35,2.643,15,9.91,glass
3.961,1.894,0.911,0.401,13,3.555,glass
23.655,9.771,4.203,1.887,14,9.567,steel
26.233,13.768,6.84,3.401,16,11.634,tennis
13.797,4.783,1.778,0.602,11,9.076,wooden
0.925,0.328,0.115,0.045,8,0.802,billiard
14.839,7.58,3.79,1.953,16,7.912,tennis
18.955,8.974,4.109,1.875,15,12.68,glass
14.213,6.478,3.213,1.462,14,12.774,glass
18.511,6.387,2.376,0.842,11,7.502,wooden
3.625,2.591,1.982,1.387,28,4.346,golf
2.495,1.236,0.662,0.33,13,1.996,tennis
14.855,7.275,3.756,2.048,16,8.498,tennis
16.063,8.078,3.953,2.047,16,8.545,tennis
9.765,7.469,5.091,3.768,31,10.204,golf
1.001,0.356,0.125,0.045,8,1.356,billiard
9.525,6.993,5.467,4.128,32,16.781,golf
1.744,1.255,0.962,0.69,26,4.289,golf
25.896,10.742,4.906,2.044,14,14.652,steel
21.776,16.693,11.907,8.592,34,42.067,golf
7.918,5.87,4.079,3.049,31,9.994,golf
1.972,0.82,0.384,0.162,11,2.755,steel
2.71,1.353,0.605,0.287,12,2.894,glass
5.739,2.905,1.47,0.767,14,4.669,tennis
11.119,3.909,1.485,0.55,11,3.658,billiard
1.82,0.631,0.236,0.084,9,5.48,billiard
11.004,4.005,1.497,0.528,11,14.298,billiard
0.669,0.33,0.164,0.082,11,2.61,tennis
2.686,1.43,0.687,0.377,13,3.467,tennis
11.031,3.891,1.331,0.494,10,3.757,wooden
40.646,28.609,20.801,15.451,36,21.417,golf
14.54,6.23,2.763,1.192,13,7.184,steel
8.997,6.374,4.679,3.37,31,11.091,golf
2.178,0.772,0.292,0.104,9,2.361,billiard
2.212,1.064,0.478,0.224,12,4.811,glass
4.756,2.192,0.912,0.411,12,4.256,steel
2.188,0.988,0.484,0.23,12,2.999,glass
2.638,0.998,0.357,0.125,9,2.152,wooden
0.625,0.228,0.08,0.028,8,0.722,billiard
3.829,1.881,0.842,0.404,12,5.317,glass
13.634,5.151,1.881,0.699,11,9.312,billiard
18.663,7.342,2.615,0.96,11,7.519,billiard
1.891,0.889,0.369,0.157,11,2.54,steel
23.627,11.175,5.247,2.524,15,9.684,glass
40.884,29.951,22.384,15.85,36,22.473,golf
53.186,39.385,27.615,19.842,37,61.635,golf
21.039,7.851,2.937,1.03,11,12.118,billiard
24.589,12.287,5.569,2.626,15,10.599,glass
0.811,0.286,0.1,0.036,8,1.124,wooden
5.436,2.334,0.989,0.436,12,6.586,steel
11.868,4.214,1.667,0.582,11,6.03,billiard
1.01,0.416,0.195,0.079,10,1.42,steel
12.963,5.366,2.45,1.021,13,11.47,steel
11.169,4.143,1.49,0.527,11,10.59,billiard
5.301,2.628,1.15,0.559,13,4.728,glass
18.189,6.715,2.368,0.85,11,7.521,billiard
4.433,1.87,0.803,0.366,11,4.686,steel
12.975,5.794,2.554,1.107,13,4.299,steel
10.59,3.893,1.288,0.484,10,6.247,wooden
2.521,1.188,0.616,0.31,13,7.893,tennis
17.274,8.142,4.174,2.228,16,8.261,tennis
18.868,6.858,2.48,0.977,11,7.873,billiard
5.723,2.541,1.095,0.476,12,5.816,steel
3.329,1.529,0.704,0.335,12,5.063,glass
22.187,9.365,4.359,1.824,13,5.598,steel
2.147,1.073,0.498,0.223,12,3.798,glass
5.35,2.773,1.427,0.721,14,8.067,tennis
4.034,1.435,0.525,0.179,10,8.496,billiard
5.376,2.742,1.181,0.605,13,2.82,glass
17.586,8.975,4.443,2.364,16,20.206,tennis
17.452,6.572,2.295,0.826,11,7.648,wooden
4.595,2.096,0.877,0.371,12,2.527,steel
21.631,16.055,11.439,9.032,34,16.945,golf
4.22,1.517,0.551,0.202,10,3.141,billiard
6.334,3.047,1.369,0.679,13,6.435,glass
34.045,17.426,9.014,4.652,17,27.563,tennis
4.19,1.473,0.549,0.196,10,3.357,wooden
13.81,6.873,3.068,1.434,14,8.348,glass
7,3.454,1.759,0.926,15,4.98,tennis
9.536,4.468,2.002,1.011,14,8.172,glass
42.164,32.74,22.811,18.098,36,38.158,golf
5.014,1.738,0.621,0.224,10,4.62,wooden
1.706,0.593,0.201,0.075,9,2.436,wooden
6.861,3.463,1.773,0.866,14,4.686,tennis
21.232,7.424,2.59,0.921,11,17.902,wooden
0.525,0.234,0.104,0.045,9,2.091,steel
3.975,1.448,0.518,0.18,10,2.068,wooden
1.638,0.6,0.216,0.077,9,2.175,billiard
0.428,0.145,0.053,0.019,7,1.035,wooden
19.042,6.778,2.529,0.894,11,19.051,billiard
1.445,0.973,0.759,0.572,25,3.76,golf
4.601,1.607,0.589,0.218,10,5.479,billiard
3.573,1.512,0.633,0.276,11,2.863,steel
9.584,7.636,5.478,3.985,32,10.705,golf
23.598,17.583,12.779,9.362,34,17.669,golf
9.738,4.869,2.416,1.253,15,8.993,tennis
1.853,1.485,1.04,0.775,26,4.958,golf
13.166,5.505,2.556,1.061,13,6.713,steel
38.126,28.892,20.611,15.003,36,23.583,golf
6.351,2.993,1.452,0.649,13,4.41,glass
3.748,1.411,0.496,0.167,10,8.397,wooden
8.663,3.1,1.105,0.394,10,8.855,wooden
5.991,4.15,3.274,2.433,30,13.438,golf
3.858,1.369,0.473,0.17,10,3.753,billiard
4.326,3.3,2.407,1.659,29,4.499,golf
18.525,6.655,2.275,0.801,11,4.759,wooden
15.024,6.72,3.151,1.553,14,7.133,glass
2.355,0.966,0.434,0.177,11,2.491,steel
28.338,13.293,6.864,3.449,17,11.477,tennis
37.091,26.504,20.949,14.448,36,23.79,golf
3.844,1.368,0.506,0.181,10,2.106,wooden
9.099,4.17,1.663,0.737,12,10.248,steel
2.964,1.304,0.638,0.314,12,3.162,glass
3.898,2.15,1.053,0.535,14,5.786,tennis
4.283,2.23,1.133,0.566,14,3.871,tennis
2.906,1.565,0.781,0.373,13,3.334,tennis
22.062,16.245,11.994,9.075,34,18.29,golf
20.41,7.198,2.427,0.918,11,17.764,wooden
14.983,7.492,3.41,1.633,14,7.229,glass
23.795,10.148,4.245,1.842,13,9.299,steel
23.071,11.057,5.549,2.623,15,10.427,glass
3.509,1.626,0.656,0.3,11,3.161,steel
2.019,0.729,0.269,0.093,9,2.32,billiard
18.074,6.53,2.398,0.862,11,7.899,wooden
39.247,28.211,19.874,15.216,36,21.915,golf
1.673,0.566,0.213,0.073,9,3.675,wooden
1.29,0.653,0.329,0.168,12,1.242,tennis
3.742,1.308,0.462,0.171,9,3.664,wooden
6.394,3.291,1.462,0.734,13,4.828,glass
5.031,1.855,0.638,0.24,10,4.627,billiard
18.803,6.969,2.398,0.904,11,7.4,billiard
22.111,9.893,4.307,1.859,13,8.409,steel
13.87,5.962,2.698,1.179,13,10.798,steel
2.463,1.091,0.493,0.199,11,1.667,steel
4.629,1.67,0.618,0.217,10,4.558,wooden
1.686,0.618,0.201,0.072,9,2.569,wooden
21.541,16.162,11.613,8.532,34,28.173,golf
5.182,2.557,1.249,0.553,13,4.676,glass
1.518,0.649,0.27,0.115,10,2.853,steel
15.056,7.443,3.952,1.894,16,8.943,tennis
3.619,1.495,0.685,0.299,11,3.168,steel
14.083,6.463,3.114,1.571,14,4.86,glass
2.627,1.305,0.63,0.322,13,2.764,tennis
17.027,8.276,4.424,2.156,16,7.616,tennis
11.19,3.937,1.502,0.528,11,5.5,billiard
7.389,2.672,0.983,0.344,10,7.711,wooden
4.152,1.511,0.511,0.189,10,3.101,wooden
17.525,8.356,4.324,2.105,16,8.717,tennis
41.486,28.494,21.933,15.932,36,23.97,golf
38.194,27.631,19.799,15.754,36,21.359,golf
9.557,5.093,2.495,1.298,15,8.968,tennis
2.173,0.734,0.268,0.093,9,1.391,wooden
36.064,26.633,20.013,15.41,36,14.349,golf
6.545,2.382,0.811,0.287,10,8.438,wooden
17.961,6.536,2.34,0.867,11,7.315,wooden
27.977,13.177,7.063,3.454,17,10.42,tennis
17.952,6.69,2.432,0.865,11,8.138,billiard
25.609,12.814,6.524,3.523,16,11.31,tennis
2.274,1.081,0.512,0.246,12,2.486,glass
4.675,2.056,0.827,0.365,12,9.71,steel
25.139,18.114,13.661,9.705,34,18.83,golf
4.895,2.267,1.032,0.493,13,5.373,glass
14.185,6.756,3.299,1.59,14,7.946,glass
4.989,2.175,0.915,0.39,12,3.887,steel
3.806,2.962,2.19,1.561,29,6.478,golf
0.523,0.175,0.066,0.023,8,2.651,wooden
5.099,1.748,0.604,0.221,10,5.325,wooden
3.975,2.068,1.004,0.547,14,5.873,tennis
3.785,2.863,2.153,1.565,28,7.048,golf
11.657,4.331,1.574,0.563,11,6.11,billiard
3.108,1.571,0.752,0.402,13,2.03,tennis
24.584,11.329,5.252,2.426,15,9.955,glass
21.014,9.86,3.962,1.801,13,5.808,steel
4.943,2.327,1.104,0.509,13,4.536,glass
10.833,3.925,1.53,0.558,11,3.638,billiard
7.987,6.338,4.495,3.443,31,10.966,golf
4.755,3.621,2.642,2.066,29,12.501,golf
11.038,4.05,1.515,0.549,11,6.161,billiard
2.608,1.304,0.615,0.283,12,2.836,glass
1.705,0.603,0.218,0.078,9,1.65,billiard
3.558,1.353,0.448,0.171,9,3.377,wooden
24.854,18.361,12.896,9.424,35,16.393,golf
2.233,0.747,0.281,0.098,9,2.323,wooden
2.11,0.772,0.264,0.093,9,2.235,wooden
32.349,16.438,7.57,3.68,15,24.589,glass
28.566,13.536,6.063,3.087,15,15.868,glass
19.239,6.444,2.498,0.886,11,4.883,billiard
3.646,1.834,0.863,0.417,12,5.332,glass
11.488,5.725,2.653,1.238,14,12.867,glass
22.577,9.632,4.103,1.691,13,9.86,steel
0.61,0.317,0.15,0.079,11,1.588,tennis
1.552,0.553,0.208,0.071,9,2.263,wooden
4.681,1.614,0.58,0.23,10,5.515,billiard
28.797,13.142,6.495,2.9,15,16.091,glass
18.421,6.432,2.301,0.883,11,14.671,billiard
8.106,6.096,4.169,3.104,31,6.418,golf
1.726,0.616,0.223,0.076,9,1.466,billiard
23.293,9.878,4.431,1.987,14,21.34,steel
8.469,6.163,4.731,3.553,31,9.982,golf
15.381,6.432,2.747,1.191,13,16.813,steel
5.068,1.824,0.631,0.229,10,4.595,billiard
2.035,0.709,0.245,0.095,9,2.058,wooden
2.238,1.174,0.611,0.312,13,3.223,tennis
21.776,15.355,11.849,8.436,34,28.317,golf
18.287,6.845,2.468,0.868,11,12.263,wooden
18.835,10.201,5.063,2.609,16,13.898,tennis
0.951,0.339,0.117,0.042,8,1.318,wooden
3.644,1.77,0.84,0.402,12,3.234,glass
0.706,0.359,0.188,0.099,11,4.015,tennis
27.534,12.958,6.88,3.615,16,17.647,tennis
11.196,4.193,1.46,0.534,11,5.528,wooden
27.755,13.617,6.763,3.449,17,10.707,tennis
4.595,1.942,0.883,0.375,12,6.685,steel
9.948,7.647,5.694,3.899,32,17.907,golf
8.761,4.137,2.046,0.958,14,8.351,glass
2.153,0.904,0.394,0.178,11,2.168,steel
30.658,14.61,7.863,4.042,17,17.557,tennis
18.303,6.95,2.37,0.881,11,8.033,billiard
7.579,5.482,3.949,2.86,31,14.409,golf
16.015,7.719,3.938,2.012,16,8.728,tennis
2.578,1.297,0.658,0.354,13,3.011,tennis
0.857,0.364,0.149,0.066,10,1.374,steel
30.171,15.462,8.002,4.001,17,17.574,tennis
14.888,7.466,3.577,1.616,14,7.022,glass
18.462,6.752,2.413,0.823,11,7.985,wooden
5.092,2.393,1.077,0.551,13,7.437,glass
5.178,2.772,1.321,0.656,14,4.728,tennis
29.093,21.103,15.709,11.609,35,30.412,golf
12.314,5.514,2.381,1.07,13,11.452,steel
22.204,15.642,11.615,8.785,34,18.279,golf
3.89,1.286,0.474,0.161,9,5.57,wooden
13.798,6.433,3.083,1.48,14,18.758,glass
29.237,15.599,7.82,3.758,17,17.608,tennis
4.914,1.86,0.619,0.219,10,3.607,wooden
24.953,18.499,13.016,9.931,35,17.718,golf
5.193,2.167,0.972,0.409,12,4.213,steel
18.239,6.276,2.292,0.815,11,7.513,wooden
17.049,8.813,4.232,2.107,16,13.184,tennis
19.371,6.89,2.457,0.907,11,8.051,billiard
2.207,0.895,0.388,0.176,11,2.201,steel
7.367,5.859,4.174,3.038,31,10.933,golf
13.101,5.52,2.501,1.065,13,6.615,steel
5.041,2.608,1.385,0.682,14,5.235,tennis
0.55,0.248,0.117,0.058,10,0.926,glass
25.805,13.809,6.835,3.619,17,10.383,tennis
22.977,17.061,12.382,8.568,34,18.33,golf
1.831,0.637,0.244,0.083,9,1.777,billiard
3.797,1.352,0.49,0.173,10,3.144,wooden
24.627,13.264,6.515,3.458,16,10.42,tennis
5.099,1.755,0.659,0.234,10,5.586,billiard
0.652,0.327,0.148,0.072,10,3.599,glass
1.803,0.644,0.238,0.084,9,1.379,wooden
18.839,9.673,4.912,2.524,16,13.633,tennis
16.587,6.932,3.221,1.409,13,11.075,steel
19.361,6.577,2.512,0.891,11,7.348,billiard
0.573,0.297,0.152,0.081,11,1.546,tennis
1.738,1.282,1.008,0.699,26,4.481,golf
26.12,12.707,6.425,3.539,16,6.799,tennis
5.768,2.432,1.047,0.465,12,5.645,steel
22.615,15.87,12.709,8.758,34,38.874,golf
3.751,1.312,0.503,0.174,10,3.666,billiard
3.732,1.336,0.499,0.183,10,3.723,billiard
5.818,2.918,1.463,0.713,14,4.766,tennis
39.691,30.201,21.51,16.092,36,37.181,golf
3.644,2.711,1.972,1.534,28,4.288,golf
3.55,2.534,1.98,1.451,28,16.31,golf
11.583,3.955,1.499,0.521,11,5.73,billiard
2.907,1.322,0.534,0.246,11,4.583,steel
10.661,3.902,1.341,0.496,11,3.675,wooden
1.866,1.385,1.031,0.751,26,2.841,golf
12.685,5.943,2.462,1.066,13,7.167,steel
5.259,2.684,1.403,0.699,14,4.706,tennis
10.964,3.97,1.343,0.507,11,5.663,wooden
1.963,0.959,0.433,0.204,12,2.046,glass
7.131,2.42,0.846,0.307,10,5.782,wooden
3.552,1.274,0.462,0.17,9,3.556,wooden
5.006,2.222,1.147,0.503,13,2.884,glass
0.533,0.227,0.094,0.042,9,1.26,steel
10.922,4.192,1.525,0.522,11,5.453,billiard
22.075,7.711,2.79,1.054,11,12.148,billiard
4.831,1.788,0.62,0.238,10,3.154,billiard
15.761,7.52,3.908,2.032,16,20.397,tennis
5.133,2.367,1.07,0.534,13,4.405,glass
3.024,1.124,0.414,0.142,9,2.577,billiard
37.748,29.479,21.627,16.091,36,22.211,golf
6.396,4.698,3.477,2.519,30,8.771,golf
5.959,2.525,1.128,0.489,12,3.978,steel
3.148,2.365,1.749,1.219,28,5.671,golf
15.888,11.476,8.527,6.265,33,30.924,golf
1.763,0.893,0.455,0.221,12,3.634,tennis
19.666,6.685,2.505,0.847,11,7.849,wooden
3.777,1.976,0.992,0.519,14,3.448,tennis
3.406,1.433,0.633,0.289,11,2.938,steel
28.772,15.923,7.926,3.959,17,17.571,tennis
21.67,9.147,3.941,1.677,13,17.675,steel
14.59,7.139,3.33,1.489,14,7.336,glass
5.583,2.723,1.403,0.704,14,4.568,tennis
11.372,4.008,1.471,0.51,10,6.087,wooden
4.149,1.471,0.489,0.177,10,3.47,wooden
13.78,5.816,2.58,1.142,13,11.214,steel
1.646,0.784,0.363,0.176,11,3.282,glass
3,2.177,1.658,1.241,28,5.358,golf
8.515,6.624,4.882,3.426,31,6.629,golf
1.646,0.606,0.215,0.081,9,5.299,wooden
13.961,7.071,3.169,1.569,14,7.062,glass
17.013,8.753,4.011,1.965,15,18.715,glass
36.222,26.512,20.616,15.472,36,21.224,golf
1.528,0.541,0.186,0.065,9,1.436,wooden
13.029,5.453,2.445,1.022,13,7.429,steel
22.886,9.557,4.283,1.799,13,5.797,steel
7.676,5.748,3.994,3.13,31,9.567,golf
4.387,1.883,0.857,0.368,12,4.412,steel
3.622,1.676,0.798,0.387,12,3.161,glass
16.423,7.228,3.562,1.698,14,7.927,glass
6.571,3.508,1.682,0.889,15,7.121,tennis
13.041,5.374,2.389,1.049,13,4.35,steel
3.561,1.25,0.479,0.158,9,3.675,wooden
15.079,6.915,3.332,1.6,14,8.087,glass
0.483,0.163,0.062,0.022,8,1.789,billiard
1.505,0.585,0.198,0.077,9,1.562,billiard
14.474,6.045,2.824,1.228,13,7.179,steel
3.687,1.419,0.489,0.185,10,5.672,billiard
5.313,1.797,0.678,0.243,10,3.689,billiard
1.74,0.621,0.216,0.077,9,1.738,wooden
0.411,0.15,0.059,0.02,8,1.063,billiard
6.964,3.539,1.84,0.885,14,8.313,tennis
9.269,6.917,4.776,3.579,31,24.177,golf
4.294,2.942,2.329,1.609,29,6.643,golf
2.861,1.251,0.569,0.247,11,4.461,steel
16.455,8.739,4.306,2.236,16,8.169,tennis
22.993,9.268,4.162,1.837,13,9.099,steel
11.392,4.443,1.561,0.553,11,5.444,billiard
8.895,3.327,1.143,0.433,10,8.976,billiard
5.424,2.375,1.227,0.535,13,4.108,glass
8.167,5.862,4.402,3.187,31,10.956,golf
28.287,21.492,14.884,11.381,35,29.993,golf
2.7,1.279,0.648,0.299,12,1.924,glass
3.825,1.37,0.466,0.175,9,2.132,wooden
24.146,16.806,12.942,9.139,34,28.215,golf
43.049,31.121,22.951,16.581,36,37.84,golf
3.805,1.425,0.49,0.175,9,3.336,wooden
4.233,3.239,2.284,1.797,29,7.252,golf
0.504,0.223,0.096,0.042,9,1.41,steel
21.23,9.657,3.976,1.823,13,8.662,steel
2.478,0.919,0.333,0.117,9,3.714,billiard
2.93,1.031,0.397,0.14,9,3.914,billiard
5.671,2.65,1.224,0.559,13,2.767,glass
4.561,2.154,0.971,0.494,13,8.493,glass
1.768,1.349,1.012,0.734,26,2.861,golf
1.094,0.811,0.587,0.41,24,8.574,golf
13.066,5.476,2.566,1.061,13,13.066,steel
5.004,1.653,0.588,0.209,10,3.23,wooden
18.519,6.86,2.551,0.892,11,7.749,wooden
5.841,2.526,1.105,0.494,12,5.707,steel
1.862,0.775,0.328,0.152,10,1.803,steel
3.245,2.457,1.802,1.316,28,7.194,golf
0.695,0.255,0.084,0.031,8,1.133,wooden
20.55,6.9,2.532,0.972,11,7.952,billiard
6.45,3.047,1.357,0.647,13,4.298,glass
24.489,10.934,5.175,2.522,15,24.495,glass
0.687,0.237,0.088,0.03,8,1.071,wooden
6.688,3.066,1.4,0.671,13,7.598,glass
10.284,5.69,2.664,1.402,15,13.068,tennis
11.101,3.721,1.326,0.501,10,5.324,wooden
39.211,28.98,20.853,16.238,36,23.83,golf
10.739,4.018,1.341,0.503,10,6.09,wooden
2.778,1.418,0.696,0.352,13,3.233,tennis
1.893,0.777,0.363,0.146,10,1.876,steel
21.81,16.297,11.713,8.976,34,16.887,golf
18.18,6.298,2.258,0.784,11,8.379,wooden
5.906,2.569,1.184,0.501,12,4.346,steel
24.748,12.74,6.535,3.3,16,11.684,tennis
17.709,6.293,2.36,0.842,11,7.167,wooden
3.148,2.26,1.695,1.214,28,5.604,golf
5.844,2.87,1.373,0.65,13,7.264,glass
0.422,0.149,0.057,0.021,7,1.136,billiard
10.031,7.595,5.501,4.006,31,10.64,golf
3.65,1.732,0.809,0.397,13,3.212,glass
20.775,7.465,2.74,1.077,11,12.183,billiard
12.74,5.578,2.406,1.071,13,6.874,steel
43.618,33.096,22.951,16.589,36,37.822,golf
3.435,2.391,1.785,1.285,28,6.659,golf
1.727,0.614,0.23,0.078,9,1.722,wooden
10.503,3.905,1.388,0.53,11,3.818,billiard
21.274,9.595,4.161,1.823,13,9.639,steel
11.138,3.691,1.339,0.459,11,14.138,wooden
1.822,0.664,0.23,0.084,9,1.775,billiard
22.274,9.915,4.19,1.833,13,9.535,steel
2.207,1.172,0.612,0.289,13,3.063,tennis
25.206,12.733,6.379,3.401,16,7.032,tennis
15.657,7.357,3.382,1.648,14,7.906,glass
12.168,4.18,1.45,0.515,11,5.736,wooden
5.142,1.766,0.64,0.236,10,3.458,billiard
15.49,7.592,3.899,2,16,8.275,tennis
6.612,3.071,1.501,0.707,13,6.538,glass
9.174,6.977,5.112,3.558,31,17.073,golf
10.78,3.673,1.398,0.494,10,5.753,wooden
13.376,5.617,2.545,1.105,13,7.281,steel
13.598,10.727,7.715,5.796,33,20.916,golf
2.107,1.149,0.552,0.293,13,2.362,tennis
14.3,4.7,1.677,0.649,11,9.113,wooden
37.576,28.008,20.45,15.058,36,14.429,golf
0.855,0.319,0.109,0.039,8,0.783,wooden
4.38,1.552,0.538,0.195,10,3.252,billiard
2.232,0.905,0.415,0.179,11,2.199,steel
3.337,2.439,1.776,1.332,28,6.376,golf
17.598,13.312,10.217,7.356,33,34.655,golf
2.489,1.286,0.623,0.326,13,1.993,tennis
2.839,0.952,0.342,0.125,9,2.252,wooden
5.107,2.229,0.992,0.409,12,3.991,steel
35.82,27.34,19.585,14.378,36,21.4,golf
24.278,18.104,12.591,9.704,34,16.844,golf
0.873,0.375,0.166,0.07,10,1.58,steel
1.592,0.574,0.191,0.067,9,1.501,wooden
1.686,0.577,0.205,0.075,9,2.38,wooden
1.267,0.613,0.329,0.168,12,1.945,tennis
1.838,1.479,1.046,0.791,26,4.843,golf
13.878,10.516,7.865,5.466,33,20.751,golf
1.615,0.614,0.219,0.076,9,2.266,billiard
1.662,0.723,0.366,0.176,11,3.24,glass
10.673,7.484,5.729,4.01,32,11.879,golf
10.858,4.03,1.387,0.518,11,5.675,wooden
15.59,11.252,8.56,6.072,33,31.453,golf
0.534,0.215,0.097,0.042,9,1.332,steel
15.026,7.457,3.974,2.076,16,7.953,tennis
10.266,3.784,1.323,0.47,11,3.729,wooden
11.396,3.762,1.352,0.499,10,3.572,wooden
0.745,0.287,0.098,0.037,8,1.25,billiard
25.854,12.256,6.324,3.378,16,21.729,tennis
1.082,0.512,0.203,0.096,10,1.67,steel
15.611,7.676,3.771,1.933,16,7.882,tennis
38.163,27.486,21.102,15.715,36,14.315,golf
43.671,30.84,23.525,16.478,36,56.49,golf
5.227,1.826,0.687,0.233,10,3.422,billiard
18.621,7.367,2.645,0.968,11,12.159,billiard
2.667,1.258,0.57,0.28,12,3.131,glass
2.292,1.251,0.626,0.293,13,4.142,tennis
3.945,1.426,0.545,0.2,10,3.43,billiard
0.539,0.242,0.103,0.044,9,2.142,steel
21.783,9.798,3.899,1.731,13,5.795,steel
10.341,3.97,1.383,0.496,11,6.515,billiard
11.1,3.978,1.417,0.528,11,5.805,billiard
2.192,0.814,0.29,0.11,9,4.541,billiard
39.336,30.361,22.199,16.395,36,24.358,golf
19.37,7.139,2.581,0.96,11,12.368,billiard
13.776,6.111,2.77,1.166,13,6.737,steel
1.527,0.609,0.285,0.124,10,2.849,steel
2.309,0.988,0.443,0.184,11,2.536,steel
3.876,1.515,0.532,0.19,10,3.271,billiard
3.364,2.536,1.81,1.356,28,11.03,golf
15.994,7.466,3.7,1.772,14,18.206,glass
7.207,5.174,3.858,2.862,30,21.832,golf
18.484,8.997,3.899,1.889,15,12.602,glass
21.85,9.258,4.312,1.823,13,8.928,steel
2.295,1.179,0.587,0.304,13,2.514,tennis
0.985,0.523,0.252,0.137,12,1.818,tennis
22.378,10.329,4.224,1.942,14,14.207,steel
1.841,0.716,0.267,0.092,9,2.155,billiard
2.077,0.837,0.39,0.166,11,4.315,steel
1.106,0.552,0.254,0.114,11,1.698,glass
22.496,9.172,4.128,1.741,13,15.009,steel
22.848,16.159,12.296,9.236,34,18.294,golf
2.728,1.136,0.468,0.212,11,2.862,steel
0.769,0.274,0.097,0.035,8,1.258,billiard
19.924,6.74,2.596,0.975,11,7.254,billiard
24.852,12.195,5.818,2.669,15,10.311,glass
2.658,1.022,0.368,0.137,9,2.191,billiard
10.764,7.518,5.71,3.967,32,11.849,golf
4.244,1.989,0.825,0.344,12,4.736,steel
1.254,0.585,0.313,0.153,12,1.854,tennis
10.381,3.749,1.446,0.472,11,6.207,wooden
18.842,6.552,2.307,0.854,11,8.043,wooden
8.259,3.778,1.507,0.65,12,7.397,steel
25.086,12.423,6.839,3.416,17,26.845,tennis
1.299,0.647,0.315,0.171,12,1.239,tennis
1.093,0.518,0.242,0.12,11,1.602,glass
6.759,2.609,0.949,0.342,10,5.986,billiard
5.48,4.013,3.129,2.222,30,7.944,golf
1.219,0.44,0.156,0.06,8,2.344,billiard
11.098,4.204,1.49,0.515,11,5.293,wooden
10.593,7.856,5.35,4.258,32,17.911,golf
14.409,7.792,3.76,1.876,16,13.844,tennis
2.37,1.125,0.594,0.295,13,3.404,tennis
25.216,11.397,5.664,2.739,15,16.029,glass
22.436,9.865,4.152,1.765,13,22.372,steel
5.416,2.717,1.405,0.695,14,5.236,tennis
5.673,1.977,0.729,0.281,10,8.335,billiard
3.237,2.395,1.874,1.274,28,4.285,golf
2.931,1.024,0.355,0.129,9,3.74,wooden
1.973,0.862,0.354,0.154,11,1.74,steel
4.007,1.792,0.784,0.341,11,7.574,steel
1.616,0.568,0.214,0.07,9,2.153,wooden
3.604,1.331,0.456,0.157,9,3.68,wooden
0.921,0.382,0.174,0.072,10,1.548,steel
14.591,6.894,3.305,1.472,14,7.431,glass
5.599,2.787,1.417,0.725,14,5.112,tennis
10.691,3.798,1.313,0.48,11,9.678,wooden
24.98,11.512,5.656,2.495,15,9.282,glass
4.741,2.325,1.189,0.591,14,8.29,tennis
4.046,1.451,0.525,0.195,10,3.561,wooden
22.816,17.17,12.396,8.972,34,17.461,golf
8.101,3.898,2.006,1.01,15,12.551,tennis
5.271,1.866,0.667,0.257,10,3.659,billiard
22.647,16.34,12.368,8.333,34,18.428,golf
24.673,17.362,13.145,9.746,34,28.741,golf
1.654,0.601,0.219,0.082,9,2.633,billiard
7.131,3.624,1.82,0.916,15,5.027,tennis
2.932,1.537,0.735,0.37,13,3.201,tennis
4.151,1.411,0.509,0.195,10,3.289,wooden
15.16,7.582,4.02,2.003,16,5.296,tennis
4.395,1.479,0.556,0.197,10,2.123,billiard
6.17,2.87,1.479,0.751,14,4.882,tennis
12.481,5.578,2.483,1.061,13,7.538,steel
1.224,0.418,0.154,0.053,8,2.253,wooden
1.42,1.096,0.773,0.572,25,4.058,golf
3.748,1.404,0.482,0.183,10,2.286,billiard
2.536,1.128,0.541,0.271,12,2.758,glass
3.126,1.142,0.386,0.139,9,2.557,billiard
21.837,16.238,12.477,9.378,34,10.9,golf
3.059,1.074,0.378,0.13,9,2.516,wooden
4.976,2.528,1.146,0.54,13,2.762,glass
0.687,0.261,0.094,0.034,8,1.156,billiard
12.01,4.048,1.475,0.54,11,5.991,wooden
1.519,0.532,0.199,0.071,9,1.441,billiard
2.041,0.696,0.246,0.089,9,2.348,wooden
5.082,1.678,0.637,0.233,10,5.463,wooden
14.055,6.793,3.28,1.576,14,4.749,glass
26.136,9.279,3.306,1.199,11,18.668,billiard
36.231,26.251,20.396,15.351,36,54.548,golf
5.738,4.266,3.142,2.246,30,7.451,golf
0.764,0.267,0.091,0.034,8,1.238,wooden
24.569,11.555,5.448,2.615,15,10.526,glass
0.503,0.221,0.1,0.042,9,1.381,steel
11.332,4.25,1.559,0.536,11,5.887,wooden
1.654,0.603,0.216,0.077,9,1.638,billiard
24.098,10.998,5.41,2.605,15,20.163,glass
38.006,29.087,21.365,15.068,36,37.119,golf
17.85,6.634,2.228,0.847,11,18.652,wooden
5.337,2.729,1.328,0.67,14,6.078,tennis
16.015,8.418,4.296,2.262,16,13.409,tennis
4.659,2.069,0.938,0.385,12,4.003,steel
4.602,1.555,0.561,0.211,10,5.359,wooden
5.838,2.609,1.118,0.485,12,5.789,steel
24.662,8.958,3.089,1.159,11,18.076,wooden
2.831,1.012,0.359,0.128,9,2.217,billiard
2.83,1.399,0.773,0.388,13,3.01,tennis
1.575,1.169,0.82,0.589,26,4.397,golf
5.562,2.228,1.001,0.436,12,8.487,steel
10.706,4.42,1.98,0.832,13,11.141,steel
1.901,0.813,0.367,0.147,11,1.865,steel
18.697,6.713,2.459,0.92,11,8.389,billiard
6.028,2.91,1.578,0.764,14,5.117,tennis
27.655,13.997,6.728,3.353,17,9.978,tennis
11.13,3.861,1.376,0.533,11,6.335,billiard
25.683,11.949,5.515,2.766,15,10.528,glass
11.821,4.257,1.651,0.582,11,9.28,billiard
21.233,9.567,4.007,1.835,13,8.511,steel
3.293,2.572,1.769,1.389,28,9.818,golf
6.326,2.91,1.397,0.668,13,6.552,glass
0.756,0.356,0.17,0.082,10,0.956,glass
13.817,5.061,1.753,0.633,11,9.229,wooden
14.947,7.642,3.948,2.063,16,8.736,tennis
23.228,10.361,4.385,1.871,14,9.474,steel
1.756,0.613,0.228,0.08,9,2.614,billiard
6.649,3.307,1.654,0.806,14,8.108,tennis
3.289,1.504,0.653,0.265,11,2.785,steel
5.902,2.662,1.17,0.513,12,4.354,steel
24.106,10.294,4.272,1.82,13,8.658,steel
23.04,17.387,12.575,9.234,34,16.252,golf
18.537,7.123,2.62,0.947,11,12.424,billiard
1.094,0.448,0.193,0.09,10,0.978,steel
0.891,0.698,0.516,0.369,24,5.523,golf
14.972,6.613,3.316,1.555,14,7.728,glass
2.263,0.757,0.289,0.105,9,2.344,billiard
12.655,5.365,2.42,1.052,13,6.87,steel
15.254,7.554,3.651,1.701,14,7.912,glass
3.073,2.28,1.601,1.24,28,5.36,golf
3.497,2.675,1.902,1.5,28,6.605,golf
1.159,0.562,0.256,0.125,11,1.766,glass
20.176,7.874,2.657,0.939,11,11.973,wooden
1.656,0.608,0.212,0.082,9,1.385,wooden
0.656,0.237,0.089,0.032,8,1.075,billiard
5.491,2.622,1.284,0.584,13,4.622,glass
5.015,2.458,1.299,0.628,14,9.344,tennis
12.19,6.44,3.091,1.566,15,14.147,tennis
38.204,28.271,21.203,15.339,36,14.229,golf
2.191,1.013,0.496,0.22,12,3.144,glass
26.638,13.084,6.281,3.459,16,11.164,tennis
1.089,0.525,0.278,0.133,12,1.899,tennis
0.533,0.259,0.127,0.06,10,1.436,glass
14.726,7.789,3.989,2.078,16,16.472,tennis
13.094,6.081,2.461,1.138,13,7.114,steel
26.6,13.454,6.941,3.244,16,10.273,tennis
12.09,5.716,2.648,1.239,14,12.758,glass
14.169,6.882,3.211,1.532,14,7.553,glass
1.927,0.955,0.459,0.209,12,2.03,glass
39.203,29.084,21.324,16.034,36,23.005,golf
4.085,2.115,1.103,0.531,14,3.956,tennis
21.479,16.405,12.327,8.561,34,17.42,golf
14.437,5.853,2.596,1.159,13,6.316,steel
15.74,7.311,3.469,1.603,14,7.597,glass
11.854,4.244,1.614,0.57,11,5.484,billiard
5.293,2.514,1.185,0.593,13,4.187,glass
1.128,0.58,0.251,0.122,11,1.11,glass
23.803,11.648,5.237,2.491,15,9.694,glass
12.12,6.613,3.255,1.582,15,14.317,tennis
7.929,5.982,4.063,3.246,31,24.844,golf
2.23,0.997,0.505,0.224,12,2.299,glass
22.377,9.703,4.003,1.72,13,18.025,steel
1.762,0.597,0.233,0.078,9,1.729,wooden
14.857,5.921,2.663,1.108,13,11.038,steel
14.052,6.713,3.362,1.617,14,4.807,glass
14.779,7.628,3.582,1.59,14,7.029,glass
18.088,6.091,2.165,0.83,11,14.621,wooden
18.746,7.042,2.521,0.908,11,4.833,billiard
2.11,0.937,0.392,0.172,11,2.229,steel
0.431,0.16,0.059,0.02,8,1.196,billiard
22.735,9.926,4.025,1.781,13,8.758,steel
10.849,4.295,1.429,0.534,11,6.205,billiard
5.232,1.935,0.66,0.239,10,3.623,billiard
3.531,1.774,0.793,0.387,12,3.118,glass
10.592,3.704,1.391,0.508,11,10.178,wooden
0.726,0.264,0.096,0.032,8,1.229,wooden
1.969,0.842,0.366,0.165,11,1.992,steel
2.689,1.474,0.704,0.357,13,3.402,tennis
6.879,3.672,1.877,0.89,15,5.385,tennis
2.116,1.049,0.522,0.282,13,2.233,tennis
11.169,4.078,1.404,0.501,11,9.261,wooden
0.582,0.264,0.127,0.061,10,1.541,glass
25.003,10.673,4.803,2.144,14,14.331,steel
1.972,0.698,0.262,0.096,9,2.335,billiard
4.745,1.796,0.641,0.226,10,3.255,wooden
2.924,1.619,0.747,0.404,13,3.537,tennis
3.697,1.396,0.503,0.174,10,3.571,billiard
3.714,1.292,0.465,0.179,10,3.771,billiard
1.736,1.245,0.939,0.667,26,4.067,golf
38.876,28.196,20.59,15.281,36,22.666,golf
3.659,1.35,0.488,0.174,9,3.687,wooden
4.348,1.993,0.876,0.366,12,4.042,steel
5.136,2.395,1.145,0.511,13,7.365,glass
12.36,5.594,2.341,1.089,13,17.078,steel
25.182,9.429,3.541,1.258,12,18.38,billiard
3.547,1.518,0.645,0.271,11,4.653,steel
4.938,2.248,1.072,0.51,13,5.404,glass
1.213,0.58,0.264,0.122,11,1.136,glass
2.417,1.157,0.605,0.299,13,3.452,tennis
10.404,7.734,5.724,3.909,32,11.045,golf
5.098,1.774,0.651,0.245,10,4.578,billiard
12.436,5.313,2.315,1.007,13,6.675,steel
4.162,2.133,1.001,0.514,14,3.642,tennis
0.778,0.386,0.192,0.095,11,1.024,tennis
0.68,0.324,0.157,0.077,10,0.929,glass
24.441,11.422,5.114,2.57,15,16.602,glass
23.237,10.727,5.227,2.427,15,6.479,glass
14.997,7.865,3.944,2.023,16,5.177,tennis
0.57,0.266,0.131,0.057,10,1.561,glass
5.51,2.442,0.974,0.452,12,6.637,steel
2.121,1.089,0.489,0.234,12,4.852,glass
23.22,11.138,5.571,2.636,15,6.293,glass
11.599,4.388,1.527,0.546,11,5.932,wooden
28.379,13.832,6.748,3.542,16,11.408,tennis
4.044,1.415,0.532,0.179,10,2.183,billiard
6.627,3.297,1.629,0.846,14,7.851,tennis
16.703,7.293,2.921,1.305,13,16.709,steel
9.67,7.718,5.54,4.131,31,11.261,golf
2.02,0.867,0.363,0.163,11,4.325,steel
10.322,3.712,1.319,0.462,10,6.373,wooden
6.798,2.481,0.931,0.347,10,5.941,billiard
4.179,3.042,2.258,1.631,29,7.42,golf
18.542,6.929,2.384,0.872,11,12.167,wooden
10.814,3.818,1.446,0.539,11,9.837,billiard
4.143,1.566,0.555,0.212,10,3.437,billiard
3.51,2.447,1.87,1.359,28,10.87,golf
0.926,0.329,0.118,0.041,8,1.261,billiard
13.862,6.484,3.212,1.449,14,5.003,glass
22.36,17.353,11.936,9.375,34,18.635,golf
4.105,1.4,0.511,0.179,10,3.249,wooden
21.044,9.159,4.003,1.846,13,15.128,steel
2.274,1.081,0.563,0.276,13,2.386,tennis
2.588,1.077,0.469,0.202,11,2.578,steel
2.739,1.015,0.35,0.125,9,2.276,wooden
6.047,2.434,1.112,0.485,12,3.817,steel
3.631,1.375,0.488,0.164,9,3.702,wooden
20.652,7.782,2.561,0.931,11,11.751,wooden
24.235,11.579,5.331,2.552,15,6.286,glass
13.229,4.602,1.621,0.595,11,13.83,wooden
5.936,2.505,1.097,0.493,12,4.026,steel
26.109,13.622,6.934,3.374,16,6.83,tennis
4.299,1.482,0.579,0.203,10,2.139,billiard
5.123,2.407,1.109,0.537,13,4.87,glass
5.656,2.416,1.049,0.446,12,3.772,steel
6.095,2.539,1.107,0.474,12,4.271,steel
8.91,4.28,1.978,0.993,14,8.286,glass
1.865,0.752,0.33,0.15,10,1.81,steel
14.916,7.455,3.229,1.558,14,12.216,glass
22.933,16.345,12.065,9.089,34,10.923,golf
23.275,11.726,5.091,2.6,15,10.893,glass
8.906,4.694,2.313,1.163,15,13.33,tennis
17.44,13.316,9.497,7.069,33,33.749,golf
8.343,6.068,4.488,3.446,31,9.727,golf
26.427,12.942,6.73,3.208,16,17.666,tennis
17.663,6.633,2.431,0.818,11,4.754,wooden
2.605,1.243,0.627,0.337,13,2.787,tennis
7.145,2.579,0.959,0.34,10,5.928,billiard
15.912,8.365,4.061,2.142,16,13.257,tennis
13.953,4.861,1.835,0.657,11,9.543,billiard
3.185,1.176,0.391,0.149,9,5.051,wooden
18.766,7.186,2.656,0.911,11,7.791,billiard
10.391,4.588,2.331,1.087,14,11.66,glass
22.342,9.728,4.342,1.849,14,8.285,steel
7.352,2.787,0.921,0.359,10,7.825,wooden
19.892,9.92,5.218,2.551,16,13.914,tennis
11.644,4.079,1.569,0.523,11,5.998,wooden
45.497,31.388,24.49,17.632,36,37.936,golf
7.061,3.517,1.686,0.922,15,7.196,tennis
2.482,0.878,0.328,0.113,9,3.782,billiard
36.621,17.703,9.281,4.446,17,27.103,tennis
1.721,0.633,0.228,0.08,9,3.757,billiard
0.616,0.302,0.15,0.077,11,1.472,tennis
7.852,5.829,4.58,3.261,31,10.473,golf
18.914,7.042,2.372,0.879,11,7.505,wooden
13.386,5.322,1.827,0.682,11,9.353,billiard
5.94,4.398,3.439,2.417,30,8.8,golf
19.174,7.019,2.455,0.905,11,7.652,billiard
2.017,0.865,0.361,0.166,11,3.324,steel
16.799,7.278,3.124,1.394,13,11.21,steel
11.093,4.069,1.404,0.551,11,10.641,billiard
5.402,1.868,0.665,0.252,10,8.263,wooden
3.283,1.162,0.433,0.152,9,5.296,billiard
1.533,0.582,0.205,0.073,9,1.521,billiard
2.179,0.992,0.479,0.231,12,1.9,glass
0.826,0.666,0.465,0.336,23,3.237,golf
4.398,1.652,0.589,0.194,10,5.414,wooden
1.661,0.608,0.229,0.082,9,2.408,billiard
4.308,3.227,2.427,1.737,29,7.713,golf
19.025,6.82,2.537,0.862,11,8.138,billiard
14.623,6.338,3.112,1.554,14,7.346,glass
17.413,6.906,2.487,0.842,11,8.031,billiard
7.395,5.62,3.947,3.087,31,14.38,golf
11.171,4.223,1.591,0.546,11,9.34,billiard
3.555,1.37,0.467,0.164,9,2.214,wooden
18.891,7.002,2.667,0.899,11,7.511,billiard
2.221,1.181,0.59,0.3,13,2.519,tennis
8.844,3.111,1.105,0.416,10,8.516,wooden
0.874,0.643,0.456,0.327,24,2.092,golf
21.959,16.656,12.079,8.844,34,16.614,golf
0.603,0.208,0.072,0.026,8,0.699,wooden
11.122,4.136,1.496,0.528,11,5.748,billiard
28.197,14.36,6.894,3.717,17,17.74,tennis
8.481,6.593,4.633,3.429,31,10.449,golf
25.39,13.309,6.871,3.343,16,10.428,tennis
12.103,4.065,1.492,0.548,11,5.709,wooden
25.946,12.586,6.625,3.439,16,6.788,tennis
13.927,6.328,3.057,1.426,14,8.328,glass
1.657,0.6,0.207,0.07,9,1.471,wooden
7.744,5.678,4.003,3.122,31,16.76,golf
1.892,0.694,0.238,0.092,9,1.41,billiard
7.387,3.34,1.702,0.768,13,11.541,glass
2.864,1.032,0.366,0.133,9,2.286,billiard
2.189,1.017,0.477,0.232,12,2.902,glass
24.585,13.157,6.623,3.21,16,6.971,tennis
23.153,9.792,4.33,1.892,13,8.76,steel
4.083,2.068,1.025,0.525,14,3.602,tennis
4.506,3.216,2.389,1.683,29,7.761,golf
27.511,13.564,6.754,3.631,17,11.309,tennis
2.144,0.799,0.272,0.099,9,4.357,wooden
27.036,14.152,6.899,3.629,17,10.781,tennis
26.565,13.381,6.939,3.385,16,10.39,tennis
3.442,2.55,1.825,1.4,28,6.045,golf
0.694,0.315,0.14,0.059,9,0.861,steel
0.927,0.331,0.12,0.044,8,1.325,wooden
13.674,5.639,2.376,1.117,13,13.24,steel
9.922,4.983,2.286,1.113,14,11.794,glass
3.569,2.607,2.03,1.484,28,6.652,golf
10.479,7.338,5.413,4.207,32,11.84,golf
6.139,2.563,1.156,0.488,12,4.407,steel
0.511,0.188,0.067,0.026,8,2.683,billiard
4.03,1.462,0.507,0.18,10,2.128,wooden
8.116,3.611,1.521,0.677,12,7.285,steel
3.713,2.665,1.954,1.411,28,6.627,golf
4.647,3.413,2.447,1.884,29,17.029,golf
9.976,5.08,2.524,1.246,15,9.079,tennis
23.39,17.145,12.438,9.114,34,38.142,golf
13.862,6.368,2.603,1.155,13,6.709,steel
38.123,27.999,19.504,15.257,36,24.26,golf
16.29,7.391,3.58,1.727,14,7.439,glass
2.261,1.171,0.603,0.32,13,4.164,tennis
2.193,0.93,0.389,0.171,11,1.661,steel
14.317,6.427,2.618,1.221,13,7.24,steel
20.106,7.017,2.435,0.838,11,7.903,wooden
23.237,9.532,4.201,1.867,13,5.649,steel
11.956,4.045,1.519,0.541,11,9.404,billiard
25.942,10.993,4.886,2.103,14,14.48,steel
0.891,0.63,0.474,0.342,24,3.308,golf
5.005,2.244,1.088,0.53,13,5.389,glass
0.603,0.305,0.159,0.081,11,1.685,tennis
3.887,1.341,0.516,0.176,10,5.617,billiard
5.348,1.814,0.666,0.244,10,3.645,billiard
1.927,0.847,0.376,0.167,11,2.856,steel
1.823,0.67,0.227,0.084,9,1.409,billiard
24.747,12.742,6.881,3.538,16,11.536,tennis
4.446,1.915,0.857,0.359,12,4.617,steel
12.413,5.368,2.454,1.047,13,7.155,steel
10.097,7.326,5.51,4.086,32,16.932,golf
14.864,7.033,3.142,1.508,14,14.997,glass
3.779,1.854,0.991,0.5,14,3.352,tennis
4.348,2.21,1.094,0.554,14,3.853,tennis
15.583,7.684,4.084,1.943,16,7.771,tennis
0.393,0.14,0.052,0.018,7,0.71,wooden
2.209,1.051,0.486,0.231,12,2.247,glass
23.431,9.918,4.255,1.797,13,9.581,steel
3.883,1.377,0.511,0.188,10,3.747,billiard
5.734,2.634,1.106,0.496,12,6.717,steel
2.122,0.936,0.422,0.171,11,1.644,steel
2.225,1.143,0.525,0.251,12,2.489,glass
1.698,0.609,0.22,0.076,9,2.453,billiard
24.863,11.114,5.355,2.526,15,9.507,glass
2.401,0.837,0.298,0.113,9,3.592,wooden
5.596,4.235,2.979,2.163,30,7.424,golf
5.801,2.932,1.517,0.764,14,3.029,tennis
11.249,4.147,1.52,0.551,11,6.132,billiard
1.023,0.451,0.191,0.086,10,1.487,steel
23.981,11.304,5.226,2.469,15,16.275,glass
22.19,10.087,4.233,1.84,13,8.846,steel
26.372,18.853,13.468,9.952,35,43.313,golf
0.912,0.329,0.128,0.047,8,1.373,billiard
2.499,1.747,1.381,0.965,27,8.405,golf
2.086,0.765,0.273,0.094,9,2.332,wooden
1.072,0.467,0.201,0.09,10,1.561,steel
4.413,1.969,0.872,0.367,12,2.584,steel
35.464,26.091,20.052,14.672,36,22.965,golf
5.049,1.87,0.668,0.243,10,5.488,billiard
0.416,0.156,0.052,0.02,7,1.107,wooden
1.014,0.554,0.27,0.136,12,1.947,tennis
23.397,18.842,13.152,9.857,35,18.875,golf
13.54,5.781,2.625,1.152,13,10.984,steel
8.178,3.754,1.502,0.703,12,7.406,steel
2.709,1.252,0.649,0.305,12,1.892,glass
10.802,7.475,5.727,4.221,32,11.93,golf
3.949,2.966,2.221,1.627,28,7.501,golf
6.305,4.438,3.387,2.521,30,8.84,golf
18.421,8.296,3.978,1.905,15,12.564,glass
1.189,0.868,0.633,0.483,25,2.356,golf
0.85,0.301,0.11,0.042,8,1.217,billiard
6.455,3.269,1.456,0.738,13,4.878,glass
7.137,5.437,3.963,3.007,31,14.297,golf
0.599,0.287,0.145,0.079,11,1.022,tennis
3.301,2.446,1.751,1.369,28,6.079,golf
6.027,2.877,1.361,0.645,13,7.19,glass
2.388,0.983,0.451,0.192,11,2.775,steel
16.252,7.642,4.119,2.099,16,5.17,tennis
2.184,0.807,0.283,0.1,9,1.414,billiard
0.87,0.421,0.226,0.106,11,1.052,tennis
37.545,26.919,21.28,15.309,36,22.824,golf
21.909,17.087,12.4,8.58,34,16.037,golf
26.255,12.755,6.766,3.504,16,10.761,tennis
18.02,6.297,2.204,0.822,11,7.252,wooden
16.011,7.806,3.405,1.703,14,8.039,glass
26.578,13.057,6.856,3.468,17,17.617,tennis
19.038,6.375,2.522,0.837,11,8.373,billiard
21.249,16.202,12.309,8.883,34,16.233,golf
2.214,0.771,0.279,0.098,9,1.407,billiard
2.91,1.04,0.366,0.134,9,3.729,wooden
0.863,0.617,0.452,0.346,24,3.538,golf
15.165,7.251,3.818,1.972,16,5.404,tennis
4.102,1.819,0.876,0.433,13,3.512,glass
4.856,1.638,0.589,0.227,10,4.501,wooden
1.738,0.635,0.235,0.088,9,1.715,billiard
1.624,0.602,0.201,0.078,9,2.499,wooden
8.805,3.372,1.131,0.425,11,8.877,billiard
4.826,2.132,0.874,0.383,12,3.716,steel
0.448,0.157,0.057,0.02,7,1.189,billiard
8.747,3.563,1.614,0.687,12,7.231,steel
6.534,4.978,3.441,2.518,30,20.836,golf
21.028,9.375,3.953,1.71,13,8.846,steel
13.171,5.52,2.543,1.054,13,6.452,steel
7.852,2.69,1.035,0.355,10,7.897,billiard
1.022,0.484,0.246,0.131,12,1.704,tennis
23.649,11.85,5.259,2.52,15,10.501,glass
0.621,0.269,0.119,0.053,9,0.831,steel
2.782,1.056,0.389,0.137,9,2.391,billiard
14.04,5.173,1.877,0.702,11,9.36,billiard
2.791,1.303,0.647,0.288,12,3.233,glass
15.492,7.463,3.723,1.982,16,13.519,tennis
3.97,1.479,0.556,0.201,10,3.557,billiard
3.645,1.266,0.469,0.171,9,3.288,wooden
24.06,10.055,4.544,1.826,14,9.468,steel
8.082,5.986,4.585,3.193,31,9.572,golf
5.085,1.73,0.658,0.221,10,3.584,wooden
0.575,0.275,0.133,0.066,10,2.353,glass
11.581,4.566,1.644,0.557,11,9.4,billiard
2.997,1.524,0.795,0.383,13,3.449,tennis
16.311,8.063,3.994,2.071,16,7.921,tennis
38.123,27.474,19.923,14.525,36,24.002,golf
4.996,2.059,0.891,0.392,12,3.803,steel
7.646,5.781,4.07,3.116,31,10.265,golf
26.289,12.641,6.675,3.385,16,22.094,tennis
5.847,3.07,1.586,0.737,14,3.039,tennis
4.818,1.738,0.606,0.231,10,3.392,wooden
4.69,2.142,0.902,0.392,12,4.254,steel
6.758,3.073,1.51,0.671,13,4.597,glass
2.859,1.054,0.387,0.133,9,2.518,wooden
23.715,11.773,5.341,2.585,15,6.166,glass
0.694,0.266,0.097,0.035,8,1.205,billiard
6.22,3.169,1.432,0.712,13,4.553,glass
5.341,2.732,1.374,0.676,14,11.79,tennis
24.103,11.434,5.712,2.5,15,9.943,glass
15.681,6.927,3.214,1.533,14,12.469,glass
17.291,8.353,4.085,2.072,16,7.707,tennis
26.145,12.232,5.843,2.628,15,9.238,glass
16.387,8.375,4.071,2.115,16,8.046,tennis
26.446,13.284,6.769,3.338,16,10.074,tennis
9.797,7.443,5.186,4.064,32,10.202,golf
0.432,0.152,0.055,0.019,7,1.164,wooden
13.219,4.848,1.784,0.601,11,9.265,wooden
1.911,0.833,0.371,0.164,11,2.855,steel
4.147,3.324,2.252,1.75,29,4.596,golf
6.858,3.492,1.793,0.912,15,7.293,tennis
5.25,2.297,1.165,0.546,13,2.84,glass
18.653,6.663,2.227,0.803,11,12.743,wooden
8.86,4.253,2.02,1.01,14,8.191,glass
4.992,1.879,0.633,0.239,10,3.5,wooden
0.712,0.26,0.089,0.033,8,1.168,wooden
3.686,1.368,0.512,0.175,10,3.463,billiard
2.977,1.084,0.389,0.145,9,3.881,billiard
19.075,6.752,2.464,0.877,11,13.006,billiard
2.358,1.121,0.536,0.262,12,1.856,glass
0.953,0.444,0.207,0.092,11,1.574,glass
4.256,2.211,1.093,0.538,14,3.821,tennis
17.899,6.813,2.559,0.89,11,7.328,billiard
5.036,2.48,1.175,0.555,13,10.727,glass
36.555,26.46,19.326,14.117,36,50.049,golf
6.652,3.637,1.68,0.919,15,4.962,tennis
16.014,7.187,3.238,1.335,13,11.226,steel
0.787,0.349,0.152,0.066,9,1.315,steel
11.908,4.277,1.512,0.568,11,5.663,billiard
24.784,13.393,6.606,3.384,17,11.444,tennis
21.545,16.632,12.13,8.492,34,10.934,golf
3.377,1.417,0.632,0.269,11,2.749,steel
4.321,2.044,0.862,0.373,12,6.661,steel
19.708,6.838,2.653,0.948,11,7,billiard
0.915,0.315,0.109,0.04,8,1.253,wooden
5.327,2.575,1.18,0.595,13,4.496,glass
3.625,1.39,0.476,0.164,9,5.589,wooden
3.808,1.327,0.478,0.181,10,3.756,billiard
12.804,4.322,1.543,0.565,11,13.396,wooden
1.293,0.603,0.281,0.127,11,1.885,glass
16.709,8.754,4.31,2.197,16,8.684,tennis
14.212,7.004,3.108,1.526,14,14.899,glass
2.392,1.239,0.65,0.32,13,2.811,tennis
10.45,3.8,1.38,0.543,11,9.894,billiard
18.757,7.212,2.456,0.893,11,7.268,billiard
14.937,6.996,3.53,1.72,14,7.333,glass
3.731,1.513,0.702,0.283,11,3.102,steel
17.231,6.645,2.182,0.802,11,12.65,wooden
1.279,0.649,0.33,0.169,12,2.058,tennis
8.997,6.679,4.498,3.408,31,11.17,golf
14.431,5.887,2.635,1.204,13,6.638,steel
11.184,3.924,1.446,0.516,11,6.02,wooden
21.941,16.218,11.978,9.176,34,10.911,golf
1.231,0.43,0.165,0.057,9,2.287,billiard
4.432,1.507,0.567,0.199,10,3.569,billiard
4.544,1.966,0.847,0.374,12,4.162,steel
2.41,1.223,0.615,0.302,13,5.152,tennis
18.931,6.904,2.395,0.883,11,7.068,wooden
19.453,10.31,5.073,2.606,16,13.857,tennis
0.427,0.146,0.057,0.021,8,0.713,billiard
3.933,1.508,0.541,0.205,10,3.567,billiard
26.258,13.36,6.791,3.425,16,10.904,tennis
11.675,4.105,1.637,0.567,11,5.349,billiard
4.285,1.942,0.925,0.445,13,7.467,glass
10.579,4.046,1.478,0.534,11,6.208,billiard
4.632,1.79,0.628,0.224,10,4.673,wooden
13.477,6.546,3.286,1.485,14,12.683,glass
1.882,0.667,0.247,0.082,9,2.033,wooden
4.323,1.949,0.857,0.36,12,4.42,steel
1.98,1.002,0.47,0.228,12,2.2,glass
6.804,3.334,1.75,0.903,15,7.267,tennis
11.576,4.212,1.482,0.513,11,5.935,billiard
2.255,1.069,0.549,0.254,12,2.575,glass
5.057,3.698,2.601,2.041,29,12.232,golf
16.577,7.544,3.153,1.308,13,11.221,steel
25.072,11.702,5.716,2.747,15,15.914,glass
13.091,10.324,6.977,5.441,33,30.03,golf
2.3,1.029,0.435,0.189,11,2.845,steel
11.218,3.978,1.431,0.511,11,5.357,wooden
10.488,3.957,1.458,0.541,11,3.812,billiard
3.453,1.243,0.472,0.162,10,6.207,billiard
1.764,0.684,0.24,0.083,9,1.766,billiard
38.616,29.702,20.963,14.912,36,36.513,golf
5.128,2.542,1.198,0.553,13,4.508,glass
24.483,18.759,13.424,10.086,35,18.79,golf
8.968,4.118,1.718,0.776,12,9.975,steel
25.97,9.309,3.163,1.107,11,18.12,wooden
10.456,4.073,1.466,0.51,11,3.767,billiard
2.315,1.157,0.582,0.298,13,2.071,tennis
6.308,3.145,1.497,0.68,13,7.264,glass
0.952,0.433,0.21,0.097,11,1.617,glass
18.287,6.585,2.506,0.895,11,7.587,billiard
23.999,11.567,5.498,2.515,15,20.215,glass
41.487,29.475,21.54,15.244,36,24.126,golf
14.519,6.755,3.228,1.526,14,4.783,glass
18.849,6.459,2.241,0.841,11,7.471,wooden
4.605,1.621,0.616,0.213,10,3.134,wooden
21.533,16.29,12.289,8.28,34,10.933,golf
0.491,0.211,0.095,0.039,9,0.848,steel
4.031,1.958,0.885,0.414,13,3.536,glass
7.071,2.425,0.903,0.302,10,5.819,wooden
6.219,2.612,1.123,0.463,12,4.141,steel
2.169,0.769,0.273,0.097,9,1.4,wooden
3.409,1.382,0.585,0.258,11,2.629,steel
2.524,1.077,0.508,0.214,11,2.834,steel
8.42,5.818,4.23,3.316,31,9.951,golf
39.763,28.51,20.962,15.453,36,21.188,golf
11.397,3.969,1.451,0.536,11,6.247,billiard
17.122,6.091,2.314,0.821,11,8.179,wooden
22.587,9.833,4.5,1.913,13,8.486,steel
6.689,3.407,1.736,0.906,15,8.274,tennis
0.508,0.179,0.065,0.023,8,0.68,wooden
2.61,1.19,0.495,0.224,11,5.546,steel
22.736,9.637,4.261,1.701,13,9.815,steel
1.971,0.684,0.238,0.087,9,2.129,wooden
31.775,15.853,7.581,3.401,15,24.899,glass
0.634,0.283,0.122,0.051,9,3.202,steel
2.064,0.938,0.455,0.226,12,2.159,glass
3.076,1.074,0.372,0.132,9,2.523,wooden
2.889,0.996,0.364,0.126,9,2.312,wooden
3.619,1.318,0.459,0.167,9,3.705,wooden
6.514,3.16,1.487,0.688,13,4.374,glass
8.382,4.009,1.871,0.955,14,12.159,glass
2.104,0.892,0.38,0.164,11,3.247,steel
3.652,1.739,0.812,0.366,12,3.067,glass
7.635,5.882,4.196,3.137,31,10.737,golf
3.74,1.908,1.025,0.481,14,3.3,tennis
6.442,3.403,1.793,0.865,15,4.699,tennis
17.41,8.345,4.367,2.19,16,8.743,tennis
3.269,1.457,0.637,0.272,11,2.636,steel
14.922,6.834,3.262,1.498,14,8.004,glass
12.548,4.41,1.725,0.597,11,13.731,billiard
18.703,6.427,2.45,0.873,11,12.917,billiard
1.25,0.598,0.275,0.126,11,1.869,glass
15.836,8.164,4.345,2.181,16,8.008,tennis
11.246,5.398,2.683,1.395,15,12.697,tennis
4.076,1.529,0.519,0.193,10,3.196,billiard
23.818,9.857,4.236,1.823,14,8.989,steel
12.909,5.954,2.579,1.1,13,4.315,steel
15.601,7.686,3.79,2.082,16,16.685,tennis
2.3,1.128,0.501,0.25,12,6.977,glass
4.009,1.979,0.986,0.497,14,3.503,tennis
12.459,4.604,1.556,0.593,11,5.961,billiard
23.153,9.738,3.96,1.763,13,9.533,steel
4.61,1.681,0.592,0.211,10,3.075,wooden
4.639,1.561,0.612,0.223,10,6.582,billiard
23.614,10.052,4.36,1.76,14,14.411,steel
0.821,0.293,0.113,0.039,8,1.144,billiard
26.807,10.862,4.806,2.128,14,14.119,steel
1.442,1.011,0.738,0.592,25,3.901,golf
15.639,7.887,4.043,1.926,16,8.269,tennis
5.267,1.749,0.669,0.22,10,3.632,wooden
1.871,0.717,0.252,0.094,9,2.069,billiard
22.859,11.268,5.086,2.424,15,10.795,glass
2.129,0.762,0.252,0.095,9,2.107,wooden
20.54,7.478,2.712,0.97,11,7.903,billiard
2.745,0.969,0.337,0.122,9,2.201,wooden
0.977,0.719,0.488,0.389,24,5.531,golf
19.691,6.886,2.509,0.844,11,12.102,wooden
19.234,6.78,2.341,0.893,11,7.159,wooden
26.393,14.025,7.152,3.591,17,11.42,tennis
18.605,6.856,2.463,0.897,11,4.905,billiard
0.941,0.484,0.218,0.104,11,1.727,glass
3.529,1.549,0.699,0.302,11,3.12,steel
30.601,14.65,7.48,3.911,17,26.062,tennis
12.842,5.699,2.416,1.026,13,4.521,steel
5.686,2.983,1.537,0.775,14,5.107,tennis
0.489,0.212,0.094,0.042,9,1.244,steel
4.673,1.961,0.873,0.349,12,2.598,steel
3.433,2.37,1.851,1.307,28,7.172,golf
11.722,4.365,1.515,0.518,11,9.219,wooden
14.397,6.393,2.68,1.169,13,6.416,steel
6.075,3.042,1.526,0.768,14,4.545,tennis
28.949,13.889,7.51,3.691,17,26.111,tennis
2.841,1.024,0.363,0.119,9,2.23,wooden
2.593,1.2,0.577,0.269,12,2.873,glass
3.83,1.373,0.509,0.182,10,3.318,billiard
0.445,0.155,0.058,0.02,7,1.751,wooden
4.855,1.743,0.601,0.23,10,3.344,wooden
12.963,5.056,1.795,0.646,11,14.162,billiard
5.677,4.285,3.111,2.299,30,7.93,golf
3.96,1.412,0.515,0.188,10,2.157,billiard
25.326,11.423,5.761,2.663,15,9.182,glass
23.752,18.572,13.515,9.577,34,17.201,golf
15.774,7.148,3.449,1.685,14,12.137,glass
24.035,18.394,13.492,9.674,34,18.694,golf
26.58,12.683,5.786,2.763,15,10.436,glass
5.064,2.293,0.998,0.396,12,4.156,steel
27.714,19.992,15.251,11.312,35,29.66,golf
1.68,0.568,0.204,0.072,9,1.582,wooden
5.262,2.794,1.349,0.68,14,4.99,tennis
1.457,1.123,0.836,0.585,26,4.396,golf
22.388,8.993,3.911,1.845,13,9.229,steel
25.697,13.152,6.38,3.193,16,17.862,tennis
3.735,2.941,2.068,1.607,28,6.728,golf
2.171,0.808,0.275,0.103,9,2.253,billiard
1.129,0.5,0.215,0.089,10,1.691,steel
9.5,6.895,4.949,3.743,31,17.426,golf
15.899,7.617,4.109,1.954,16,8.348,tennis
24.989,11.45,5.669,2.743,15,9.361,glass
2.222,1.07,0.502,0.229,12,3.68,glass
2.367,1.014,0.428,0.192,11,2.633,steel
1.057,0.819,0.58,0.444,24,2.239,golf
3.232,2.398,1.769,1.386,28,6.468,golf
0.435,0.148,0.052,0.019,7,1.074,wooden
25.031,11.104,4.867,1.952,14,21.986,steel
3.396,1.492,0.67,0.289,11,4.701,steel
3.328,1.166,0.42,0.152,9,6.032,wooden
38.933,28.156,21.28,16.131,36,36.652,golf
6.794,3.205,1.484,0.707,13,4.984,glass
12.077,4.458,1.623,0.611,11,5.974,billiard
0.621,0.305,0.152,0.081,11,1.658,tennis
2.133,0.742,0.276,0.098,9,2.06,billiard
30.391,13.228,5.606,2.543,14,22.336,steel
4.39,1.876,0.804,0.357,12,3.943,steel
13.446,5.621,2.516,1.136,13,6.904,steel
17.783,6.43,2.324,0.814,11,4.847,wooden
2.125,1.06,0.481,0.229,12,2.816,glass
16.305,7.155,3.626,1.734,14,12.343,glass
17.782,6.415,2.317,0.817,11,4.845,wooden
26.113,14.161,7.097,3.524,17,17.343,tennis
4.391,1.595,0.552,0.206,10,3.617,billiard
2.287,1.093,0.509,0.24,12,1.868,glass
25.413,12.388,6.606,3.367,17,10.658,tennis
5.213,2.396,1.179,0.539,13,4.385,glass
14.909,10.336,7.924,5.701,33,21.045,golf
3.059,1.496,0.684,0.331,12,5.148,glass
0.845,0.633,0.483,0.351,24,3.522,golf
17.843,6.767,2.377,0.886,11,5,billiard
10.407,7.227,5.422,4.021,32,16.753,golf
1.892,0.714,0.247,0.094,9,2.251,billiard
13.808,10.691,7.939,5.814,33,20.713,golf
2.909,1.017,0.364,0.14,9,2.403,billiard
4.238,3.035,2.408,1.762,29,6.91,golf
2.779,1.348,0.725,0.366,13,3.061,tennis
12.046,4.319,1.601,0.603,11,5.7,billiard
7.161,3.499,1.816,0.922,15,5.403,tennis
23.732,10.056,4.452,1.914,14,14.648,steel
3.321,1.658,0.871,0.447,13,5.542,tennis
2.657,1.316,0.604,0.307,12,2.969,glass
18.259,6.851,2.522,0.918,11,7.804,billiard
21.78,8.036,2.872,1.041,11,18.348,billiard
5.087,2.264,0.988,0.414,12,2.498,steel
10.81,3.982,1.413,0.517,10,3.656,wooden
0.456,0.155,0.059,0.02,7,1.769,wooden
1.698,0.651,0.222,0.079,9,1.715,wooden
25.175,11.318,5.626,2.637,15,9.709,glass
24.466,12.209,5.633,2.573,15,9.56,glass
5.036,1.792,0.652,0.225,10,3.166,billiard
23.825,9.94,4.367,1.925,14,8.321,steel
4.414,1.886,0.798,0.351,12,4.825,steel
11.461,4.443,1.591,0.553,11,5.737,billiard
18.329,6.927,2.453,0.863,11,6.928,wooden
4.933,2.619,1.266,0.685,14,5.97,tennis
2.08,1.071,0.479,0.224,12,3.143,glass
0.572,0.251,0.125,0.057,10,1.387,glass
6.526,2.37,0.89,0.331,10,8.62,billiard
18.04,7.013,2.443,0.906,11,4.924,billiard
0.446,0.163,0.054,0.021,8,1.092,billiard
21.517,7.789,2.743,1.083,11,11.917,billiard
5.617,2.902,1.446,0.757,14,4.855,tennis
13.499,6.003,2.472,1.06,13,6.459,steel
13.42,6.576,3.026,1.514,14,7.899,glass
16.621,8.431,3.981,2.142,16,13.627,tennis
11.773,4.012,1.456,0.509,11,5.419,wooden
2.065,0.76,0.289,0.104,9,2.164,billiard
7.973,2.835,1.041,0.386,10,8.074,billiard
1.604,0.558,0.199,0.075,9,2.22,wooden
5.381,2.586,1.306,0.675,14,5.934,tennis
54.056,38.088,27.91,20.285,37,61.355,golf
11.024,3.941,1.414,0.533,11,5.727,billiard
28.05,20.018,15.561,10.659,35,44.222,golf
4.051,1.623,0.699,0.319,11,6.635,steel
10.536,4.639,1.944,0.869,13,11.168,steel
5.593,2.801,1.35,0.611,13,9.276,glass
1.586,0.619,0.206,0.078,9,3.65,wooden
20.057,7.282,2.549,0.948,11,7.001,billiard
10.341,3.631,1.329,0.467,10,5.609,wooden
6.804,2.348,0.851,0.3,10,5.966,wooden
31.161,13.491,5.603,2.541,14,21.955,steel
14.06,6.368,2.705,1.184,13,6.468,steel
12.924,5.914,2.624,1.095,13,7.104,steel
35.389,26.02,20.376,15.071,36,36.581,golf
37.954,26.839,21.404,15.326,36,21.82,golf
4.285,1.518,0.55,0.183,10,3.547,wooden
15.018,6.684,3.374,1.519,14,7.586,glass
6.107,4.105,3.132,2.387,30,8.13,golf
37.175,27.114,20.286,15.275,36,23.912,golf
3.102,1.109,0.386,0.151,9,2.555,billiard
10.014,4.984,2.467,1.268,15,9.114,tennis
18.293,6.369,2.38,0.834,11,7.98,wooden
27.021,11.81,6.088,2.84,15,23.926,glass
25.426,13.429,6.856,3.283,16,11.664,tennis
6.188,2.937,1.564,0.768,14,5.091,tennis
5.959,4.464,3.393,2.545,30,8.796,golf
10.409,3.669,1.354,0.467,10,9.587,wooden
3.004,1.559,0.744,0.387,13,2.062,tennis
2.605,1.217,0.66,0.315,13,2.796,tennis
1.692,0.621,0.216,0.079,9,3.724,billiard
23.925,11.757,5.39,2.63,15,16.121,glass
3.85,1.371,0.533,0.188,10,3.488,wooden
6.18,3.035,1.658,0.795,14,10.104,tennis
0.538,0.268,0.129,0.058,10,1.406,glass
17.976,6.547,2.331,0.852,11,14.896,billiard
7.813,5.779,4.131,3.15,31,6.458,golf
5.617,2.729,1.34,0.683,14,3.096,tennis
6.121,2.472,1.089,0.494,12,4.136,steel
2.364,0.874,0.317,0.104,9,3.72,wooden
5.126,2.585,1.328,0.713,14,3.163,tennis
11.313,4.134,1.475,0.501,11,5.37,wooden
27.674,14.105,7.215,3.469,17,10.046,tennis
18.419,6.334,2.286,0.829,11,7.376,wooden
4.824,2.144,0.975,0.412,12,3.923,steel
0.519,0.19,0.072,0.026,8,0.702,billiard
23.443,11.013,5.421,2.623,15,10.13,glass
15.02,7.966,4.164,1.997,16,8.778,tennis
4.979,2.513,1.311,0.679,14,5.952,tennis
7.386,5.561,4.279,3.043,31,6.501,golf
40.335,28.454,21.498,16.088,36,21.804,golf
6.412,3.143,1.447,0.744,13,4.85,glass
27.792,13.004,6.073,3.065,15,16.137,glass
17.244,6.646,2.291,0.779,11,4.986,wooden
18.508,6.901,2.397,0.872,11,7.424,billiard
8.961,6.512,4.859,3.454,31,6.546,golf
18.868,9.577,4.933,2.436,16,20.441,tennis
11.229,4.015,1.413,0.474,11,10.239,wooden
3.017,1.637,0.774,0.413,13,7.103,tennis
0.959,0.466,0.226,0.107,11,1.75,glass
3.511,1.784,0.881,0.451,13,5.624,tennis
1.098,0.457,0.202,0.087,10,0.984,steel
3.592,2.756,1.963,1.396,28,6.612,golf
0.834,0.376,0.165,0.071,10,1.444,steel
4.738,1.761,0.658,0.236,10,3.236,billiard
38.353,26.504,19.895,14.584,36,36.747,golf
15.734,8.024,3.909,2.019,16,5.212,tennis
7.29,3.537,1.784,0.917,15,5.403,tennis
19.147,7.021,2.463,0.876,11,7.047,wooden
7.526,5.354,4.21,3.08,30,14.46,golf
41.507,29.275,21.343,16.625,36,55.815,golf
38.246,27.323,20.043,14.362,36,14.331,golf
1.598,0.543,0.205,0.067,9,1.492,wooden
10.282,7.274,5.598,3.993,32,17.196,golf
7.493,5.856,4.06,3.087,31,16.536,golf
6.178,2.894,1.357,0.683,13,4.219,glass
12.75,5.795,2.474,1.024,13,4.417,steel
2.084,0.888,0.386,0.167,11,6.34,steel
10.92,4.018,1.436,0.486,11,5.507,wooden
22.416,17.312,13.24,8.988,34,28.481,golf
19.584,6.915,2.413,0.95,11,12.305,billiard
0.849,0.623,0.478,0.339,23,3.087,golf
4.906,1.781,0.675,0.229,10,3.25,billiard
23.917,11.132,5.399,2.566,15,10.538,glass
5.32,2.808,1.387,0.663,14,7.971,tennis
0.82,0.296,0.104,0.037,8,1.186,wooden
7.722,3.536,1.474,0.654,12,10.58,steel
1.278,0.661,0.346,0.172,12,2.075,tennis
4.291,1.56,0.579,0.194,10,6.61,wooden
6.615,2.918,1.47,0.668,13,6.658,glass
17.114,6.304,2.287,0.815,11,14.402,wooden
19.733,6.812,2.503,0.887,11,7.74,wooden
2.038,0.704,0.24,0.087,9,2.309,wooden
2.409,1.76,1.315,1.003,27,8.371,golf
22.958,10.087,4.139,1.809,13,14.88,steel
1.447,0.524,0.191,0.075,9,1.415,billiard
25.131,12.47,5.571,2.814,15,15.917,glass
3.117,1.152,0.416,0.152,9,2.535,billiard
24.647,18.094,13.488,9.442,34,28.563,golf
4.944,2.346,1.087,0.509,13,5.345,glass
17.469,8.327,3.982,1.91,15,12.573,glass
2.434,1.148,0.491,0.207,11,1.678,steel
14.777,6.031,2.649,1.164,13,7.229,steel
0.6,0.275,0.137,0.066,10,2.346,glass
19.758,6.931,2.503,0.866,11,11.908,wooden
15.444,7.698,3.82,2.046,16,8.946,tennis
26.171,11.8,5.778,2.704,15,9.837,glass
0.928,0.48,0.24,0.118,12,1.663,tennis
3.508,1.637,0.789,0.381,12,3.032,glass
0.878,0.426,0.2,0.091,11,1.485,glass
3.991,1.959,0.852,0.43,13,3.486,glass
0.942,0.315,0.121,0.045,8,0.804,billiard
2.567,1.047,0.492,0.205,11,2.694,steel
28.148,21.779,15.715,11.545,35,30.329,golf
2.189,1.039,0.539,0.279,13,2.272,tennis
1.942,0.852,0.373,0.167,11,2.647,steel
1.457,0.501,0.195,0.068,9,1.413,wooden
1.256,0.443,0.153,0.057,8,2.219,wooden
2.251,1.162,0.512,0.255,12,2.528,glass
7.091,2.476,0.897,0.331,10,6.023,billiard
24.63,11.64,5.736,2.815,15,9.756,glass
4.882,2.32,1.073,0.498,13,4.832,glass
11.878,4.323,1.531,0.536,11,9.202,wooden
2.845,1.062,0.381,0.14,9,2.48,wooden
6.099,4.208,3.31,2.471,30,13.287,golf
1.753,0.832,0.444,0.229,12,3.558,tennis
14.632,6.702,3.242,1.498,14,8.005,glass
17.592,8.827,4.182,2.221,16,8.683,tennis
0.895,0.302,0.112,0.039,8,0.772,wooden
1.879,0.858,0.374,0.161,11,2.024,steel
2.266,1.156,0.624,0.315,13,5.213,tennis
1.161,0.604,0.287,0.159,12,1.764,tennis
2.463,1.248,0.553,0.282,12,3.005,glass
5.571,2.666,1.46,0.73,14,3.043,tennis
11.158,3.799,1.429,0.523,11,5.914,billiard
7.503,3.637,1.886,0.935,15,5.365,tennis
4.88,2.358,1.088,0.528,13,4.321,glass
5.814,4.266,3.171,2.366,30,8.2,golf
20.134,7.333,2.781,0.93,11,18.144,billiard
2.233,1.219,0.595,0.312,13,3.11,tennis
7.162,2.567,0.862,0.312,10,5.861,wooden
20.923,7.166,2.614,0.979,11,11.708,wooden
11.024,7.964,6.069,4.299,32,28.224,golf
10.926,3.891,1.444,0.499,11,9.301,wooden
5.521,2.575,1.298,0.597,13,4.667,glass
1.648,0.553,0.21,0.071,9,1.583,wooden
5.485,2.667,1.264,0.596,13,4.333,glass
0.622,0.335,0.172,0.087,11,2.602,tennis
4.95,2.171,0.949,0.421,12,2.535,steel
2.713,1.01,0.354,0.135,9,2.285,billiard
6.34,2.973,1.28,0.521,12,10.23,steel
35.338,27.864,19.386,14.89,36,21.694,golf
